#{"t_start": 1682698749.8706834, "env_id": "AcceleratedCart-v1"}
r,l,t
-7.491551,20,31.747084
-36.799186,20,31.931059
-10.739639,20,31.948639
-4.050011,20,32.087623
-34.188654,20,32.26426
-78.32209,20,32.286367
-42.67615,20,33.07782
-2.67193,20,33.096672
-52.408212,20,33.268634
-11.295614,20,33.44236
-56.321994,20,33.470138
-68.632474,20,33.654871
-82.932618,20,34.38259
-33.212611,20,34.408591
-10.956391,20,34.596961
-61.506227,20,34.627466
-4.58505,20,34.796138
-64.711789,20,34.959119
-1.437898,20,35.493706
-8.995453,20,35.709795
-62.938128,20,35.912401
-10.466121,20,35.942473
-29.12447,20,36.093081
-5.315952,20,36.110721
-17.373516,20,36.269198
-76.972344,20,36.889753
-2.180924,20,36.90807
-45.660098,20,37.102607
-39.810112,20,37.267295
-91.283693,20,37.294127
-16.856063,20,37.465824
-34.646999,20,37.979595
-32.255074,20,38.126953
-3.065169,20,38.343754
-55.636613,20,38.366027
-5.36112,20,38.528144
-30.959759,20,38.703916
-40.232185,20,39.224166
-16.844998,20,39.402122
-3.197807,20,39.428677
-51.459564,20,39.601844
-18.227595,20,39.766596
-7.427334,20,39.791759
-10.805972,20,40.428958
-36.685139,20,40.595889
-26.373787,20,40.622822
-6.702101,20,40.784008
-36.838304,20,40.805707
-13.977397,20,40.965464
-20.410138,20,41.174222
-36.86439,20,41.701115
-89.470911,20,41.842808
-28.411516,20,42.013479
-33.204303,20,42.041337
-33.122588,20,42.188125
-11.79996,20,42.208464
-50.562184,20,42.836768
-3.985185,20,42.990114
-14.868496,20,43.012924
-1.898403,20,43.184453
-26.472116,20,43.368924
-135.34725,20,43.397344
-5.503622,20,44.052879
-26.518242,20,44.073797
-16.17417,20,44.2539
-1.690962,20,44.421075
-20.965549,20,44.442018
-51.526627,20,44.600115
-5.632579,20,45.24554
-4.122418,20,45.265176
-10.198948,20,45.45428
-87.873089,20,45.480644
-6.631827,20,45.664663
-12.299248,20,45.820204
-9.376869,20,45.84858
-5.839762,20,46.510714
-2.674924,20,46.690371
-2.507737,20,46.711255
-6.086628,20,46.858321
-25.042721,20,46.877855
-65.860171,20,47.069078
-22.24343,20,47.755421
-8.998953,20,47.786302
-47.008573,20,47.973773
-5.286525,20,48.120348
-8.455593,20,48.140554
-21.627704,20,48.314341
-79.627658,20,48.802508
-55.560612,20,48.972472
-9.300187,20,49.140569
-29.082809,20,49.160577
-2.314557,20,49.329664
-4.72443,20,49.481349
-3.296004,20,49.9956
-13.562685,20,50.176328
-35.74881,20,50.199625
-62.166204,20,50.36946
-30.023104,20,50.532664
-4.064548,20,50.553287
-5.567401,20,50.711785
-16.406306,20,51.34183
-12.122212,20,51.360569
-9.2163,20,51.583533
-56.711563,20,51.632463
-8.620363,20,51.834015
-4.447949,20,51.984911
-43.614922,20,52.48578
-39.824822,20,52.634199
-44.381319,20,52.815027
-33.084736,20,52.8345
-54.82589,20,53.019338
-24.231207,20,53.043133
-45.894632,20,53.687288
-23.481384,20,53.847193
-6.44452,20,53.865734
-35.775565,20,54.031554
-46.197709,20,54.201806
-10.6049,20,54.225695
-4.77957,20,54.876973
-15.137875,20,54.896977
-6.27952,20,55.052577
-17.494078,20,55.285285
-14.058336,20,55.310687
-32.426565,20,55.480691
-18.529453,20,55.654825
-5.803852,20,56.152758
-22.7148,20,56.296188
-5.502824,20,56.318742
-1.388501,20,56.486997
-12.822377,20,56.672657
-1.261825,20,56.691207
-11.648656,20,57.322482
-5.782621,20,57.470548
-3.160304,20,57.492197
-3.265879,20,57.690586
-3.518208,20,57.710673
-28.647795,20,57.89628
-3.936432,20,58.53654
-12.80397,20,58.556067
-18.523623,20,58.807699
-16.709414,20,58.972852
-3.197055,20,58.99457
-4.039207,20,59.153572
-17.465459,20,59.654912
-4.065941,20,59.83454
-2.316007,20,60.022403
-2.946798,20,60.041347
-14.164305,20,60.214581
-5.56334,20,60.359204
-4.346123,20,60.385602
-3.868302,20,61.049571
-8.095095,20,61.076623
-6.421477,20,61.240679
-3.164848,20,61.406651
-14.545474,20,61.433054
-6.09193,20,61.629876
-4.673861,20,62.304546
-17.738448,20,62.329669
-3.498006,20,62.524088
-8.365498,20,62.546044
-4.837611,20,62.743325
-4.495547,20,62.90071
-4.753736,20,63.418012
-1.248505,20,63.60272
-8.590612,20,63.795293
-3.66846,20,63.820576
-3.22379,20,64.019881
-3.879923,20,64.039733
-7.788643,20,64.711706
-1.996032,20,64.863981
-7.048439,20,64.882233
-7.196747,20,65.05538
-4.363258,20,65.241976
-8.239021,20,65.263022
-14.754023,20,65.440585
-2.623044,20,65.951599
-1.769283,20,66.090839
-8.393295,20,66.235971
-6.376759,20,66.253055
-11.591144,20,66.434138
-8.991245,20,66.599637
-3.786579,20,67.095001
-6.263106,20,67.247121
-10.603323,20,67.265901
-9.141632,20,67.490216
-18.34313,20,67.628445
-18.55768,20,67.647941
-4.623782,20,68.273421
-7.098287,20,68.420647
-7.101104,20,68.44594
-4.508506,20,68.644259
-2.430683,20,68.670573
-2.673223,20,68.854817
-12.90952,20,69.508682
-3.291879,20,69.525861
-1.708388,20,69.684247
-12.512479,20,69.830748
-11.646549,20,69.849936
-8.326078,20,70.009988
-8.535045,20,70.032942
-2.712333,20,70.638615
-7.967673,20,70.793758
-2.275752,20,70.811044
-2.729166,20,70.964436
-6.516885,20,71.112387
-4.509258,20,71.140054
-2.92238,20,71.79774
-2.768346,20,71.81714
-3.245928,20,72.037423
-6.118093,20,72.218539
-3.329863,20,72.239013
-9.582671,20,72.414604
-5.521117,20,73.051915
-4.164927,20,73.079506
-3.352283,20,73.255268
-4.416892,20,73.283435
-9.492426,20,73.484058
-2.525686,20,73.670108
-3.330194,20,74.185102
-2.820596,20,74.324901
-1.89052,20,74.503705
-2.860975,20,74.531586
-9.637419,20,74.701286
-1.902205,20,74.724799
-3.72097,20,74.863591
-2.949761,20,75.530721
-9.621185,20,75.553207
-11.912858,20,75.798916
-3.008102,20,75.98703
-2.827739,20,76.007265
-9.334956,20,76.180356
-6.749549,20,76.664582
-2.771486,20,76.827078
-4.116357,20,76.996724
-8.478879,20,77.014963
-13.338472,20,77.160701
-2.461286,20,77.326968
-4.842165,20,77.820255
-5.559304,20,77.969723
-1.274285,20,77.994134
-5.488773,20,78.157834
-1.7354,20,78.341225
-8.434374,20,78.368978
-9.224281,20,79.012143
-12.754576,20,79.169812
-3.147778,20,79.188253
-2.375969,20,79.438098
-1.603494,20,79.466288
-3.418707,20,79.647631
-11.988735,20,79.815482
-2.310673,20,80.329303
-5.383565,20,80.468901
-2.889047,20,80.623913
-5.205069,20,80.642946
-5.866825,20,80.807477
-3.288621,20,80.834674
-3.906006,20,81.48197
-3.299757,20,81.623055
-3.312534,20,81.645529
-1.852305,20,81.837721
-3.193788,20,82.03905
-5.589294,20,82.066077
-1.923324,20,82.700279
-14.416775,20,82.72232
-1.381521,20,82.894051
-6.449932,20,83.060369
-2.376151,20,83.08708
-5.533185,20,83.280778
-1.439634,20,83.995995
-1.699884,20,84.015354
-2.221749,20,84.200112
-3.20861,20,84.222155
-2.695273,20,84.365169
-7.252892,20,84.529502
-2.318412,20,84.548194
-2.321153,20,85.20165
-8.6498,20,85.351316
-3.456246,20,85.370038
-4.01935,20,85.548394
-2.343518,20,85.572823
-1.793822,20,85.727226
-4.563635,20,86.35969
-7.022077,20,86.380977
-6.38731,20,86.560136
-8.755474,20,86.758819
-1.449141,20,86.788935
-1.64427,20,86.96609
-1.800336,20,87.47428
-0.926044,20,87.657159
-2.683151,20,87.901382
-6.114697,20,87.924667
-4.606283,20,88.110529
-4.43324,20,88.308463
-11.587855,20,88.871083
-9.349618,20,89.024437
-2.924309,20,89.045469
-1.624389,20,89.244121
-1.51687,20,89.452612
-3.292777,20,89.483899
-2.523414,20,89.676785
-4.62143,20,90.403105
-4.601678,20,90.426413
-1.28977,20,90.624591
-3.978459,20,90.647891
-3.367813,20,90.823333
-13.732638,20,91.005463
-1.59385,20,91.529422
-4.27384,20,91.69245
-5.08862,20,91.881065
-4.364625,20,91.909559
-4.807043,20,92.072024
-10.980716,20,92.09352
-8.72656,20,92.761961
-2.587067,20,92.917041
-8.344046,20,92.9356
-2.843173,20,93.088777
-4.340132,20,93.254799
-2.039175,20,93.273875
-2.722615,20,93.900669
-5.549616,20,93.91743
-4.228996,20,94.17499
-4.661893,20,94.365186
-3.2821,20,94.388056
-1.769495,20,94.529444
-1.790987,20,94.721508
-3.539786,20,95.22474
-4.569879,20,95.382525
-9.882067,20,95.404962
-5.233317,20,95.569986
-1.766411,20,95.743733
-2.860468,20,95.771755
-8.392738,20,96.42771
-5.260359,20,96.593494
-2.44695,20,96.619875
-1.578496,20,96.808345
-4.104737,20,96.827121
-10.34008,20,96.974533
-7.18091,20,97.620452
-1.630927,20,97.642585
-1.434281,20,97.823493
-2.256145,20,97.974938
-1.318153,20,97.993411
-3.878549,20,98.17105
-2.431342,20,98.694811
-1.421202,20,98.903793
-2.823285,20,99.099043
-2.71621,20,99.118387
-12.701473,20,99.307291
-2.518445,20,99.502391
-2.307785,20,99.531703
-1.451938,20,100.762015
-13.491686,20,100.784105
-2.328056,20,100.968636
-14.462252,20,101.122363
-2.124898,20,101.142187
-1.411239,20,101.36271
-1.016904,20,102.015071
-9.530727,20,102.040449
-5.072085,20,102.219695
-1.062778,20,102.24252
-0.890638,20,102.411835
-2.558188,20,102.591994
-1.544414,20,103.111432
-1.782252,20,103.286133
-3.256214,20,103.463257
-2.653634,20,103.498826
-2.652291,20,103.675032
-6.903547,20,103.702203
-1.756605,20,104.351496
-4.086558,20,104.506696
-1.579072,20,104.527243
-4.471389,20,104.709194
-3.625671,20,104.898706
-1.260664,20,104.91854
-3.219881,20,105.077332
-1.601876,20,105.584817
-3.935895,20,105.744311
-1.012832,20,105.921006
-4.093235,20,105.939121
-1.96859,20,106.088292
-1.469025,20,106.267974
-4.25518,20,106.762809
-1.610448,20,106.980741
-1.002462,20,107.00991
-1.558143,20,107.168154
-2.198282,20,107.33415
-2.214409,20,107.362179
-9.917133,20,108.03398
-0.725944,20,108.168497
-1.626162,20,108.200014
-6.447192,20,108.772642
-4.656504,20,108.8016
-1.266161,20,109.438973
-8.549296,20,110.11695
-1.320752,20,110.135056
-10.066537,20,110.303484
-8.24817,20,110.517021
-5.533305,20,110.536856
-0.734862,20,110.690343
-1.285374,20,110.709999
-1.139229,20,111.371716
-0.897878,20,111.637625
-12.187935,20,111.667328
-2.028641,20,111.826641
-10.122024,20,111.996396
-1.840204,20,112.018401
-3.542587,20,112.648726
-8.485953,20,112.674756
-1.054546,20,112.879667
-1.246438,20,113.05702
-0.830914,20,113.083431
-3.003879,20,113.254706
-4.158203,20,113.918656
-1.617485,20,113.935905
-2.350559,20,114.109145
-5.263895,20,114.128028
-1.435848,20,114.302912
-1.386408,20,114.497581
-6.923186,20,115.048361
-3.102895,20,115.190747
-1.84392,20,115.361155
-8.015083,20,115.384368
-1.449511,20,115.588786
-1.744038,20,115.619135
-0.793475,20,115.789571
-11.514006,20,116.493742
-11.556018,20,116.514334
-5.100339,20,116.673949
-3.402273,20,116.869981
-1.074075,20,116.900839
-1.820845,20,117.116097
-2.686458,20,117.630826
-5.143018,20,117.812712
-8.313753,20,117.985192
-0.566521,20,118.003422
-11.286312,20,118.176039
-0.713683,20,118.357394
-3.87897,20,118.865906
-5.834713,20,119.038554
-8.143354,20,119.058789
-1.374566,20,119.283386
-0.940718,20,119.467624
-1.885558,20,119.488368
-12.024144,20,120.115921
-9.076305,20,120.281751
-1.774162,20,120.30811
-0.694158,20,120.479564
-10.957783,20,120.504673
-4.53264,20,120.683278
-5.841509,20,120.868208
-5.377466,20,121.374264
-1.960763,20,121.536643
-2.713343,20,121.68595
-1.756914,20,121.704393
-1.672265,20,121.900543
-1.683132,20,121.92034
-1.680738,20,122.540306
-1.12494,20,122.699174
-11.739243,20,122.720545
-1.944795,20,122.96893
-1.621879,20,123.13888
-12.610913,20,123.162149
-0.889471,20,123.86851
-3.19257,20,123.886077
-6.373344,20,124.043368
-6.641095,20,124.233745
-0.553707,20,124.264523
-3.055159,20,124.466367
-0.607338,20,125.114619
-0.515902,20,125.146228
-1.465283,20,125.335081
-8.468857,20,125.35534
-1.062328,20,125.516275
-7.266462,20,125.699353
-0.961985,20,125.727997
-3.563854,20,126.382265
-2.141454,20,126.552931
-10.906547,20,126.581749
-0.955717,20,126.757195
-0.749251,20,126.778368
-1.213089,20,126.976248
-3.153504,20,127.642894
-0.560859,20,127.661241
-1.360939,20,127.83803
-4.628155,20,128.040891
-6.442309,20,128.070953
-6.683778,20,128.274017
-2.119163,20,128.780659
-0.804617,20,128.971634
-1.292344,20,129.131868
-8.277036,20,129.15933
-2.144763,20,129.301728
-10.49826,20,129.488276
-9.712536,20,130.003571
-6.601079,20,130.182234
-2.163956,20,130.235085
-0.530378,20,130.443582
-0.974454,20,130.603958
-0.56759,20,130.635605
-5.897408,20,130.841705
-1.370274,20,131.587487
-0.586549,20,131.616111
-4.258986,20,131.845807
-0.669225,20,131.875941
-0.573387,20,132.056947
-3.983951,20,132.259884
-3.801253,20,132.809084
-4.201691,20,132.972491
-1.056676,20,133.195283
-1.820288,20,133.224079
-1.756856,20,133.437023
-4.061123,20,133.471079
-0.910893,20,134.247163
-1.202319,20,134.420935
-4.780001,20,134.445136
-2.032364,20,134.618762
-0.645873,20,134.777195
-8.036933,20,134.799394
-9.588308,20,135.48054
-2.679947,20,135.4976
-0.540084,20,135.669866
-2.736905,20,135.826404
-3.793511,20,135.845506
-0.449404,20,136.021174
-2.104393,20,136.183478
-5.424364,20,136.674949
-2.189526,20,136.826499
-0.624752,20,136.844852
-0.87245,20,137.014625
-0.632879,20,137.190712
-6.990846,20,137.208949
-0.588764,20,137.866888
-6.749572,20,138.015069
-0.380882,20,138.040012
-0.422126,20,138.25755
-7.036807,20,138.277141
-1.9776,20,138.426496
-7.469611,20,139.015054
-0.42198,20,139.04183
-0.651296,20,139.250075
-0.418566,20,139.439991
-0.900883,20,139.467513
-1.950892,20,139.631352
-1.832133,20,140.134753
-0.408951,20,140.295335
-2.739082,20,140.472801
-0.685742,20,140.492932
-9.446024,20,140.641384
-6.195886,20,140.82778
-7.104219,20,140.869
-2.000824,20,141.607343
-0.699773,20,141.636251
-0.706464,20,141.803299
-0.860945,20,141.944512
-2.070054,20,141.96402
-7.394152,20,142.133525
-1.405046,20,142.746737
-7.695582,20,142.773203
-0.492704,20,142.946351
-0.593207,20,142.968851
-1.743722,20,143.146398
-0.66845,20,143.329071
-0.402033,20,143.835821
-4.515519,20,144.007669
-1.882646,20,144.187653
-0.457414,20,144.213291
-0.802039,20,144.397683
-0.357908,20,144.422923
-0.346116,20,145.093081
-0.384552,20,145.230602
-0.540478,20,145.255047
-1.741563,20,145.399688
-2.538615,20,145.572016
-7.401821,20,145.589411
-0.562462,20,145.732691
-3.107891,20,146.230538
-0.363863,20,146.38512
-5.048663,20,146.540317
-9.549056,20,146.563193
-7.18772,20,146.752294
-0.659882,20,146.933948
-1.111493,20,147.47243
-0.93361,20,147.656048
-0.523424,20,147.684504
-0.567787,20,147.847509
-0.995377,20,148.045343
-8.734454,20,148.072476
-0.453788,20,148.714175
-2.795624,20,148.865703
-3.908499,20,148.891193
-2.211961,20,149.097126
-0.523084,20,149.125285
-0.673718,20,149.297756
-0.480336,20,149.955803
-3.914799,20,149.973765
-3.322516,20,150.151065
-7.472003,20,150.31073
-2.683096,20,150.329306
-4.451098,20,150.474498
-0.675725,20,150.493604
-1.801574,20,151.168658
-0.418435,20,151.373551
-2.013524,20,151.393385
-0.26025,20,151.547321
-0.506639,20,151.714432
-2.963899,20,151.734586
-0.449868,20,152.384255
-3.553332,20,152.401555
-3.01729,20,152.553026
-0.381423,20,152.70285
-0.385466,20,152.72201
-4.407532,20,152.869851
-3.523536,20,153.496778
-0.51438,20,153.520868
-0.294841,20,153.693342
-1.263694,20,153.712736
-0.446522,20,153.868163
-0.355168,20,154.02522
-0.553532,20,154.535126
-0.400992,20,154.73708
-0.832645,20,154.906267
-0.701479,20,154.931799
-2.253492,20,155.105317
-1.258679,20,155.127499
-3.777544,20,155.287082
-6.359466,20,155.920002
-4.015655,20,155.943926
-0.920381,20,156.097457
-6.332135,20,156.250705
-9.091443,20,156.277562
-7.811271,20,156.47969
-7.044683,20,157.011959
-2.517013,20,157.184134
-1.406295,20,157.396013
-1.190846,20,157.425813
-1.835242,20,157.614236
-9.389956,20,157.780943
-5.592842,20,158.294088
-1.037158,20,158.440105
-0.279125,20,158.458803
-3.676449,20,158.704406
-1.118746,20,158.907646
-5.712003,20,158.92836
-2.828756,20,159.622591
-1.011852,20,159.788452
-0.315144,20,159.816792
-4.389991,20,159.99845
-9.092247,20,160.017823
-1.503893,20,160.171908
-1.331317,20,160.331029
-1.96129,20,160.834928
-0.436691,20,161.00174
-0.289609,20,161.196991
-10.011623,20,161.219269
-0.565532,20,161.374063
-2.651926,20,161.392048
-10.491914,20,162.005542
-6.595527,20,162.209589
-1.489965,20,162.231368
-4.564813,20,162.397374
-9.554488,20,162.576209
-1.782707,20,162.593737
-1.601943,20,163.28177
-9.827844,20,163.299724
-2.665187,20,163.481333
-0.339068,20,163.662435
-1.518447,20,163.691388
-1.931213,20,163.837256
-0.454547,20,164.432479
-5.077882,20,164.456586
-4.680082,20,164.62986
-1.679554,20,164.654659
-4.426135,20,164.829806
-4.382494,20,165.015794
-10.009675,20,165.041624
-5.424667,20,165.674679
-4.664288,20,165.875751
-6.433291,20,165.906035
-6.700969,20,166.162932
-0.818559,20,166.185979
-1.013389,20,166.347865
-2.363,20,166.993149
-0.450383,20,167.013563
-0.379615,20,167.237091
-2.875774,20,167.431561
-0.373231,20,167.460437
-2.782779,20,167.672665
-3.74967,20,168.195361
-1.70079,20,168.326846
-4.658489,20,168.495192
-1.869906,20,168.521841
-1.065292,20,168.694442
-0.257448,20,168.86229
-0.511095,20,169.359555
-2.369464,20,169.546311
-0.625415,20,169.56904
-1.776958,20,169.739361
-2.713321,20,169.885431
-4.444848,20,169.911487
-3.683982,20,170.058823
-2.596548,20,170.707411
-9.148303,20,170.734253
-2.256236,20,170.956005
-3.668913,20,170.981575
-0.250131,20,171.135783
-0.806664,20,171.299968
-0.409191,20,171.836605
-2.363291,20,171.98155
-1.491717,20,172.154832
-3.093992,20,172.176836
-5.23953,20,172.31477
-1.812476,20,172.333628
-8.754835,20,172.96836
-3.853872,20,173.118675
-3.861884,20,173.136021
-1.653131,20,173.32437
-0.64554,20,173.506297
-6.686099,20,173.531866
-4.960483,20,174.21379
-4.148674,20,174.231181
-8.065943,20,174.380819
-2.243753,20,174.55154
-4.239087,20,174.577891
-7.554542,20,174.735851
-0.28795,20,174.903442
-1.91113,20,175.414612
-5.406233,20,175.653996
-1.760185,20,175.68636
-4.442853,20,175.866154
-7.682597,20,176.037717
-0.719341,20,176.05946
-2.203704,20,176.674278
-1.919928,20,176.813583
-1.268736,20,176.83767
-1.489424,20,177.006512
-0.228491,20,177.032233
-1.303666,20,177.185345
-10.128929,20,177.810329
-2.068425,20,177.837123
-1.190491,20,178.029524
-8.657613,20,178.205514
-9.970018,20,178.226191
-0.730056,20,178.416411
-7.129392,20,178.927261
-3.333727,20,179.135246
-0.737757,20,179.326234
-0.764564,20,179.34361
-2.952571,20,179.507752
-1.46699,20,179.660138
-0.920878,20,179.685921
-1.361451,20,180.326775
-2.579106,20,180.347122
-0.414204,20,180.505117
-2.441404,20,180.65639
-2.197354,20,180.679664
-1.941064,20,180.841354
-0.382302,20,181.500882
-4.552215,20,181.527551
-2.640803,20,181.701756
-1.163374,20,181.725048
-1.520695,20,181.908219
-9.064773,20,182.07969
-0.397342,20,182.569376
-0.422373,20,182.738392
-1.613237,20,182.92757
-1.427514,20,182.949509
-5.379168,20,183.172903
-1.322076,20,183.192631
-1.664602,20,183.800031
-1.804427,20,183.942863
-0.513836,20,183.961677
-0.800937,20,184.11434
-3.207056,20,184.307473
-3.266341,20,184.335338
-5.048247,20,184.518983
-1.634491,20,185.00844
-3.56734,20,185.156496
-5.175055,20,185.309034
-2.498725,20,185.328959
-1.52484,20,185.473744
-4.482159,20,185.617786
-9.459404,20,186.099628
-9.810373,20,186.245366
-7.510925,20,186.274538
-0.236931,20,186.52808
-1.965082,20,186.704367
-1.384644,20,186.731558
-3.220168,20,187.385475
-2.108883,20,187.546194
-1.622703,20,187.573647
-0.507704,20,187.739398
-4.932491,20,187.758937
-5.975281,20,187.920715
-3.206255,20,188.561915
-0.522845,20,188.578925
-0.496787,20,188.727526
-0.468838,20,188.895699
-3.455486,20,188.92376
-3.736691,20,189.068829
-5.820524,20,189.086874
-2.908314,20,189.677513
-0.625738,20,189.848941
-1.464837,20,189.87096
-0.854915,20,190.047985
-8.261661,20,190.211068
-2.30701,20,190.237576
-2.875123,20,190.924883
-2.468191,20,190.953266
-2.725872,20,191.143606
-8.279361,20,191.321635
-4.244144,20,191.34921
-8.949984,20,191.513554
-7.036343,20,192.165313
-0.451032,20,192.182431
-6.082087,20,192.349203
-5.275754,20,192.374936
-2.851337,20,192.509694
-2.577474,20,192.667908
-9.682508,20,193.183626
-4.675013,20,193.350627
-9.598489,20,193.513819
-1.88732,20,193.539536
-5.03643,20,193.725712
-0.610263,20,193.753597
-8.676172,20,193.942678
-2.793777,20,194.584858
-2.215445,20,194.609625
-3.089661,20,194.772047
-0.926865,20,194.965611
-0.358439,20,194.991543
-7.706706,20,195.21968
-7.492826,20,195.73452
-4.950458,20,195.88767
-1.589471,20,196.044193
-1.995136,20,196.069789
-3.107768,20,196.223661
-0.509381,20,196.369341
-0.370681,20,196.875249
-2.779552,20,197.045458
-2.477108,20,197.069878
-0.501568,20,197.214353
-0.757816,20,197.384627
-6.587495,20,197.405659
-5.302779,20,198.028758
-2.694191,20,198.19719
-9.81393,20,198.222171
-1.080192,20,198.390833
-1.144827,20,198.409579
-1.569275,20,198.645011
-2.765755,20,198.796329
-4.243126,20,199.296734
-0.785665,20,199.4363
-0.451192,20,199.585273
-0.492895,20,199.612242
-6.569613,20,199.759899
-3.148991,20,199.786596
-0.477949,20,200.427214
-8.567362,20,200.592306
-0.400198,20,200.618629
-4.367822,20,200.812379
-2.956448,20,200.976352
-1.648183,20,201.002499
-0.786265,20,201.654187
-3.598699,20,201.671483
-9.156553,20,201.854647
-8.438956,20,202.05327
-9.336392,20,202.092592
-3.741578,20,202.273296
-4.130307,20,202.887157
-6.737098,20,202.917296
-6.443902,20,203.124389
-2.283674,20,203.151006
-0.37884,20,203.29979
-3.465465,20,203.473307
-1.199106,20,203.49328
-0.387399,20,204.132547
-0.314968,20,204.307311
-1.247692,20,204.332403
-3.597393,20,204.484735
-1.435477,20,204.511332
-0.335622,20,204.657755
-0.525407,20,205.270379
-0.858145,20,205.288263
-2.078539,20,205.499482
-2.000667,20,205.637823
-1.161317,20,205.656819
-1.708199,20,205.822089
-0.851882,20,206.310321
-5.355992,20,206.471789
-0.94823,20,206.634419
-0.394813,20,206.662026
-1.778186,20,206.810539
-2.959169,20,206.972527
-4.10588,20,207.478014
-7.554693,20,207.664831
-1.272882,20,207.688058
-0.98953,20,207.871448
-1.06936,20,208.069766
-1.916968,20,208.101631
-1.491551,20,208.313524
-0.626836,20,208.948914
-0.319581,20,208.973498
-1.230974,20,209.225622
-0.990556,20,209.257214
-4.001475,20,209.45082
-1.084854,20,209.633041
-1.446974,20,210.189329
-1.217662,20,210.322372
-1.027724,20,210.475851
-1.499965,20,210.495367
-1.019019,20,210.656651
-0.373718,20,210.676762
-1.981085,20,211.315127
-0.752271,20,211.470006
-1.648067,20,211.488245
-4.45498,20,211.648881
-0.328596,20,211.788686
-1.334799,20,211.806829
-1.465915,20,212.415131
-1.503239,20,212.431937
-1.437521,20,212.573633
-8.105281,20,212.843257
-1.927772,20,212.871394
-0.816514,20,213.053041
-0.43094,20,213.241465
-8.632147,20,213.719539
-4.119854,20,213.887919
-2.217655,20,213.912935
-0.606491,20,214.105438
-1.94892,20,214.269851
-1.996158,20,214.289191
-2.885491,20,214.919555
-0.922318,20,215.071043
-3.765978,20,215.08816
-1.52262,20,215.239033
-0.381564,20,215.258182
-0.812772,20,215.44615
-3.136147,20,216.195503
-0.299124,20,216.219818
-1.667321,20,216.409935
-1.034005,20,216.613866
-2.460472,20,216.646289
-0.395972,20,216.888652
-0.864136,20,217.392241
-7.72612,20,217.550238
-9.248896,20,217.731369
-4.640127,20,217.761429
-3.757819,20,217.944134
-6.259968,20,218.127158
-3.023383,20,218.157419
-0.601356,20,218.800597
-8.606129,20,218.819918
-0.433249,20,219.025399
-3.585761,20,219.204409
-9.051496,20,219.231236
-0.754904,20,219.424231
-0.607115,20,220.071578
-6.064897,20,220.097253
-0.674257,20,220.270916
-5.945357,20,220.292984
-3.197351,20,220.495629
-1.134824,20,220.721178
-0.424221,20,221.223352
-1.116493,20,221.363858
-2.701348,20,221.535427
-0.717909,20,221.555281
-0.633522,20,221.708944
-8.190353,20,221.733716
-3.539614,20,222.362778
-0.341007,20,222.512794
-4.146701,20,222.537109
-2.041186,20,222.718521
-0.668887,20,222.863765
-1.153132,20,222.89075
-5.563845,20,223.087268
-8.599909,20,223.568868
-4.846972,20,223.722544
-0.358816,20,223.89939
-3.70517,20,223.921041
-0.380782,20,224.11298
-3.937476,20,224.27477
-1.588422,20,224.800162
-4.570813,20,224.97081
-8.803331,20,224.995103
-4.247741,20,225.17275
-0.345868,20,225.312777
-1.123069,20,225.33561
-1.210974,20,226.016069
-0.777571,20,226.169119
-3.635981,20,226.195975
-0.582987,20,226.431902
-2.214656,20,226.457436
-1.10334,20,226.671085
-0.675996,20,227.356647
-1.9417,20,227.374303
-2.430288,20,227.556818
-0.794777,20,227.761635
-0.507477,20,227.794738
-1.240887,20,228.010873
-6.274948,20,228.040938
-3.945168,20,228.689055
-0.813701,20,228.853275
-5.573273,20,228.873877
-2.9616,20,229.043798
-9.240484,20,229.231287
-1.372022,20,229.250957
-1.451946,20,229.9047
-8.215945,20,229.931547
-0.993981,20,230.122451
-6.255046,20,230.296879
-1.720819,20,230.314847
-7.773369,20,230.488964
-0.953902,20,231.098179
-3.881338,20,231.118802
-0.469709,20,231.353361
-8.821221,20,231.373031
-0.599385,20,231.539638
-1.212092,20,231.702513
-1.103042,20,232.216661
-3.927609,20,232.364292
-2.101563,20,232.534518
-1.861048,20,232.560616
-3.374138,20,232.728908
-3.895066,20,232.75539
-2.79519,20,232.90712
-3.346121,20,233.541196
-2.230617,20,233.565739
-0.440845,20,233.740836
-5.667886,20,233.892017
-3.274518,20,233.919344
-1.581455,20,234.097243
-2.642288,20,234.595163
-0.440162,20,234.791312
-2.033364,20,234.955619
-5.120827,20,234.974581
-1.008368,20,235.12862
-1.332582,20,235.288645
-0.748589,20,235.777192
-3.867963,20,235.96434
-1.67302,20,235.98751
-1.902491,20,236.142244
-1.201222,20,236.296314
-1.684208,20,236.315697
-1.147832,20,236.956096
-3.943459,20,237.121625
-1.512343,20,237.141372
-2.836012,20,237.322355
-4.688182,20,237.348987
-0.484416,20,237.520355
-3.577035,20,237.681417
-0.416916,20,238.168295
-0.992467,20,238.324314
-1.372235,20,238.473978
-0.535341,20,238.499374
-2.078076,20,238.689324
-0.487337,20,238.715843
-8.715604,20,239.377097
-5.15476,20,239.529246
-1.120271,20,239.551639
-7.796264,20,239.713952
-8.455048,20,239.88696
-0.986647,20,239.905186
-0.388466,20,240.524453
-3.598104,20,240.541844
-0.955705,20,240.70206
-0.993958,20,240.867531
-0.421005,20,240.890382
-2.846366,20,241.055869
-1.573587,20,241.756879
-0.406644,20,241.78438
-0.404646,20,242.003468
-1.364155,20,242.028683
-3.618318,20,242.283067
-6.545982,20,242.46537
-2.929778,20,242.491375
-6.387878,20,243.134519
-0.839632,20,243.337817
-7.154146,20,243.362314
-9.217359,20,243.543499
-3.568097,20,243.569752
-2.333817,20,243.741074
-9.612799,20,244.402539
-1.098418,20,244.427664
-2.473983,20,244.613953
-1.158429,20,244.777874
-1.955749,20,244.797552
-6.068841,20,244.958517
-4.754403,20,245.457457
-8.967678,20,245.638453
-0.394381,20,245.872717
-0.469817,20,245.899668
-0.402513,20,246.048372
-1.14265,20,246.226822
-1.719662,20,246.729057
-0.669427,20,246.899059
-0.836052,20,246.923164
-6.277823,20,247.151896
-3.759531,20,247.303818
-0.959309,20,247.32591
-8.422154,20,247.474632
-3.769712,20,248.127164
-0.984568,20,248.149677
-0.963165,20,248.316258
-0.5209,20,248.340183
-8.922991,20,248.492647
-0.453496,20,248.654325
-1.554185,20,249.167882
-0.898473,20,249.337785
-2.244034,20,249.507583
-1.560325,20,249.52527
-1.674133,20,249.676966
-1.591653,20,249.703537
-0.453597,20,250.426575
-4.91352,20,250.615831
-0.626052,20,250.639124
-0.354005,20,250.806455
-0.685537,20,250.960566
-4.903817,20,250.9796
-7.835373,20,251.628976
-1.345337,20,251.6468
-1.912682,20,251.82282
-1.197199,20,251.996951
-1.177648,20,252.024153
-1.006584,20,252.203808
-1.23049,20,252.343984
-8.745931,20,252.840646
-0.491249,20,253.028374
-2.307055,20,253.050773
-1.142346,20,253.213662
-1.029308,20,253.428553
-0.938389,20,253.449846
-5.543095,20,254.093465
-1.730401,20,254.231312
-1.801492,20,254.257481
-2.316854,20,254.434875
-0.841431,20,254.455382
-0.58876,20,254.629462
-7.710301,20,255.271344
-6.237275,20,255.289341
-0.367231,20,255.482411
-0.931412,20,255.660885
-0.646628,20,255.681397
-0.397977,20,255.843662
-0.511398,20,256.345706
-2.597482,20,256.503216
-1.965369,20,256.668704
-1.098465,20,256.693346
-0.591508,20,256.92688
-3.451167,20,257.086517
-3.563959,20,257.105714
-0.843617,20,257.712309
-4.255632,20,257.737224
-4.638401,20,257.919198
-4.679476,20,258.066733
-3.561539,20,258.093413
-0.735251,20,258.26678
-7.11661,20,258.925405
-0.37738,20,258.944879
-8.369935,20,259.143492
-1.026749,20,259.171399
-4.761965,20,259.336924
-0.948146,20,259.531777
-5.131259,20,260.054425
-1.129129,20,260.243273
-1.638509,20,260.42052
-0.684864,20,260.444898
-1.016159,20,260.585992
-0.373454,20,260.605779
-0.59439,20,261.220462
-7.864808,20,261.373619
-0.502478,20,261.394739
-1.352899,20,261.560398
-7.638089,20,261.710088
-2.359393,20,261.729318
-0.685976,20,261.887327
-1.386395,20,262.376931
-5.912705,20,262.526739
-0.914893,20,262.698926
-1.517303,20,262.720167
-3.474007,20,262.8934
-1.084332,20,263.086324
-0.494289,20,263.579137
-0.594583,20,263.741576
-3.257844,20,263.797539
-4.436559,20,263.993273
-1.421811,20,264.165425
-2.872622,20,264.184519
-8.034033,20,264.824757
-7.146719,20,264.974427
-1.382307,20,264.998598
-2.28738,20,265.157486
-1.299132,20,265.179863
-0.51878,20,265.322056
-0.955156,20,265.984437
-6.136314,20,266.002182
-1.735594,20,266.164439
-0.978879,20,266.370047
-2.819853,20,266.399211
-1.000087,20,266.596118
-5.956901,20,266.614944
